{
    "skinWeights":[],
    "faces":[34,23,27,34,0,0,0,0,34,24,45,38,0,1,1,1,34,48,25,39,0,2,2,2,34,29,0,47,0,3,3,3,34,12,50,49,0,4,4,4,34,10,1,15,0,5,5,5,34,62,59,55,0,6,6,6,34,63,66,56,0,7,7,7,34,64,57,68,0,8,8,8,34,67,2,60,0,9,9,9,34,69,70,65,0,10,10,10,34,71,7,61,0,11,11,11,35,26,36,4,58,0,12,12,12,12,35,36,31,3,4,0,13,13,13,13,35,41,46,6,5,0,14,14,14,14,35,46,26,58,6,0,15,15,15,15,35,31,53,8,3,0,16,16,16,16,35,53,41,5,8,0,17,17,17,17,34,72,35,28,0,18,18,18,34,73,37,44,0,19,19,19,34,77,42,74,0,20,20,20,34,32,76,9,0,21,21,21,34,40,78,52,0,22,22,22,34,30,51,14,0,23,23,23,34,86,79,83,0,24,24,24,34,87,80,90,0,25,25,25,34,88,92,81,0,26,26,26,34,91,84,16,0,27,27,27,34,93,89,94,0,28,28,28,34,95,85,21,0,29,29,29,35,75,82,18,11,0,30,30,30,30,35,11,18,17,33,0,31,31,31,31,35,43,19,20,13,0,32,32,32,32,35,13,20,82,75,0,33,33,33,33,35,33,17,22,54,0,34,34,34,34,35,54,22,19,43,0,35,35,35,35],
    "vertices":[0.86154,0.846272,-0.151473,0.301873,-5.43063e-07,-0.151472,0.859774,0.847212,-0.151473,-0.00145579,0.00122637,-1.56507,-0.00176049,1.41488,-2.97923,-0.00145579,0.00122721,1.26213,-0.00176049,1.41488,2.67628,0.301997,0.00199561,-0.151472,0.00195502,1.39994,-0.151473,-0.86154,0.846272,-0.151473,0,-9.62508e-07,-1.56569,0,1.41421,-2.9799,0,-1.23618e-07,1.26274,0,1.41421,2.67695,-0.301873,-5.43063e-07,-0.151472,0,1.39952,-0.151473,-0.859774,0.847212,-0.151473,0.00145579,0.00122637,-1.56507,0.00176049,1.41488,-2.97923,0.00145579,0.00122721,1.26213,0.00176049,1.41488,2.67628,-0.301997,0.00199561,-0.151472,-0.00195502,1.39994,-0.151473,0.86154,0.846272,-0.151473,0.86154,0.846272,-0.151473,0.86154,0.846272,-0.151473,0.86154,0.846272,-0.151473,0,-9.62508e-07,-1.56569,0,-9.62508e-07,-1.56569,0,-9.62508e-07,-1.56569,0,-9.62508e-07,-1.56569,0,-9.62508e-07,-1.56569,0,-9.62508e-07,-1.56569,0,-9.62508e-07,-1.56569,0,1.41421,-2.9799,0,1.41421,-2.9799,0,1.41421,-2.9799,0,-1.23618e-07,1.26274,0,-1.23618e-07,1.26274,0,-1.23618e-07,1.26274,0,-1.23618e-07,1.26274,0,-1.23618e-07,1.26274,0,-1.23618e-07,1.26274,0,-1.23618e-07,1.26274,0,1.41421,2.67695,0,1.41421,2.67695,0,1.41421,2.67695,0.301873,-5.43063e-07,-0.151472,0.301873,-5.43063e-07,-0.151472,0.301873,-5.43063e-07,-0.151472,0,1.39952,-0.151473,0,1.39952,-0.151473,0,1.39952,-0.151473,0,1.39952,-0.151473,0,1.39952,-0.151473,0.859774,0.847212,-0.151473,0.859774,0.847212,-0.151473,0.859774,0.847212,-0.151473,0.859774,0.847212,-0.151473,-0.00145579,0.00122637,-1.56507,-0.00145579,0.00122637,-1.56507,-0.00145579,0.00122637,-1.56507,-0.00176049,1.41488,-2.97923,-0.00145579,0.00122721,1.26213,-0.00145579,0.00122721,1.26213,-0.00145579,0.00122721,1.26213,-0.00176049,1.41488,2.67628,0.301997,0.00199561,-0.151472,0.301997,0.00199561,-0.151472,0.301997,0.00199561,-0.151472,0.00195502,1.39994,-0.151473,0.00195502,1.39994,-0.151473,-0.86154,0.846272,-0.151473,-0.86154,0.846272,-0.151473,-0.86154,0.846272,-0.151473,-0.86154,0.846272,-0.151473,-0.301873,-5.43063e-07,-0.151472,-0.301873,-5.43063e-07,-0.151472,-0.301873,-5.43063e-07,-0.151472,-0.859774,0.847212,-0.151473,-0.859774,0.847212,-0.151473,-0.859774,0.847212,-0.151473,-0.859774,0.847212,-0.151473,0.00145579,0.00122637,-1.56507,0.00145579,0.00122637,-1.56507,0.00145579,0.00122637,-1.56507,0.00176049,1.41488,-2.97923,0.00145579,0.00122721,1.26213,0.00145579,0.00122721,1.26213,0.00145579,0.00122721,1.26213,0.00176049,1.41488,2.67628,-0.301997,0.00199561,-0.151472,-0.301997,0.00199561,-0.151472,-0.301997,0.00199561,-0.151472,-0.00195502,1.39994,-0.151473,-0.00195502,1.39994,-0.151473],
    "normals":[0.880273,-0.335499,-0.335499,0.880273,-0.335499,0.335499,0.821185,-0.543075,0.175288,0.821184,-0.543075,-0.175287,-0.95691,-0.206404,-0.204259,-0.95691,-0.206403,0.204259,-0.880271,0.335466,0.335538,-0.880271,0.335466,-0.335538,-0.821599,0.542192,-0.176075,-0.821599,0.542192,0.176075,0.956862,0.205372,0.205518,0.956862,0.205372,-0.205518,0.423124,0.904537,0.0527085,-0.573098,-0.579547,-0.579383,-0.573113,-0.579539,0.579376,0.423124,0.904537,-0.0527089,-0.830401,0.396543,-0.391393,-0.830372,0.396574,0.391423,-0.880273,-0.335499,-0.335499,-0.880273,-0.335499,0.335499,-0.821185,-0.543075,0.175288,-0.821184,-0.543075,-0.175287,0.95691,-0.206404,-0.204259,0.95691,-0.206403,0.204259,0.880271,0.335466,0.335538,0.880271,0.335466,-0.335538,0.821599,0.542192,-0.176075,0.821599,0.542192,0.176075,-0.956862,0.205372,0.205518,-0.956862,0.205372,-0.205518,-0.423124,0.904537,0.0527085,0.573098,-0.579547,-0.579383,0.573113,-0.579539,0.579376,-0.423124,0.904537,-0.0527089,0.830401,0.396543,-0.391393,0.830372,0.396574,0.391423],
    "metadata":{
        "faces":36,
        "vertices":96,
        "version":3,
        "normals":36,
        "bones":0,
        "type":"Geometry",
        "materials":1,
        "generator":"io_three",
        "uvs":0
    },
    "bones":[],
    "skinIndices":[],
    "materials":[{
        "DbgIndex":0,
        "colorDiffuse":[1,1,1],
        "wireframe":false,
        "blending":"NormalBlending",
        "opacity":1,
        "shading":"phong",
        "depthWrite":true,
        "transparent":false,
        "visible":true,
        "specularCoef":50,
        "doubleSided":true,
        "colorEmissive":[0.5,0.5,0.5],
        "DbgColor":15658734,
        "colorSpecular":[0.5,0.5,0.5],
        "depthTest":true,
        "DbgName":"Material.001"
    }],
    "uvs":[],
    "influencesPerVertex":2
}