{
    "normals":[0.0980176,0.995185,0,0.290285,0.95694,0,0.471397,0.881921,0,0.634393,0.77301,0,0.77301,0.634393,0,0.881921,0.471397,0,0.95694,0.290285,0,0.995185,0.0980173,0,0.995185,-0.098017,0,0.95694,-0.290285,0,0.881921,-0.471397,0,0.77301,-0.634393,0,0.634393,-0.77301,0,0.471397,-0.881921,0,0.290284,-0.95694,0,0.0980169,-0.995185,0,-0.0980175,-0.995185,0,-0.290285,-0.95694,0,-0.471397,-0.881921,0,-0.634394,-0.77301,0,-0.773011,-0.634393,0,-0.881922,-0.471396,0,-0.956941,-0.290284,0,-0.995185,-0.0980163,0,-0.995185,0.0980182,0,-0.95694,0.290286,0,-0.881921,0.471397,0,-0.773009,0.634395,0,-0.634392,0.773011,0,-0.471395,0.881922,0,0,0,1,0,0,1,0,-0,1,-0,0,1,0,-0,1,-0.0980165,0.995185,0,-0.290283,0.956941,0,0,-0,-1,0,0,-1,0,0,-1,0,-0,-1],
    "materials":[{
        "DbgColor":15597568,
        "colorDiffuse":[0.5,0.25,0.1],
        "specularCoef":50,
        "colorEmissive":[0.25,0.125,0.05],
        "shading":"phong",
        "depthTest":true,
        "colorSpecular":[0.5,0.25,0.1],
        "depthWrite":true,
        "transparent":false,
        "blending":"NormalBlending",
        "visible":true,
        "DbgName":"Material.002",
        "DbgIndex":1,
        "opacity":1,
        "wireframe":false
    }],
    "metadata":{
        "normals":41,
        "generator":"io_three",
        "version":3,
        "vertices":64,
        "bones":0,
        "materials":0,
        "type":"Geometry",
        "faces":92,
        "uvs":0
    },
    "skinWeights":[],
    "vertices":[0,1.19109,-5.95561,0,1.19109,5.95561,0.186986,1.17267,-5.95561,0.186986,1.17267,5.95561,0.366787,1.11813,-5.95561,0.366787,1.11813,5.95561,0.532492,1.02956,-5.95561,0.532492,1.02956,5.95561,0.677734,0.910361,-5.95561,0.677734,0.910361,5.95561,0.796931,0.765119,-5.95561,0.796931,0.765119,5.95561,0.885503,0.599414,-5.95561,0.885503,0.599414,5.95561,0.940044,0.419613,-5.95561,0.940044,0.419613,5.95561,0.958461,0.232627,-5.95561,0.958461,0.232627,5.95561,0.940045,0.0456405,-5.95561,0.940045,0.0456405,5.95561,0.885503,-0.13416,-5.95561,0.885503,-0.13416,5.95561,0.796931,-0.299865,-5.95561,0.796931,-0.299865,5.95561,0.677734,-0.445107,-5.95561,0.677734,-0.445107,5.95561,0.532492,-0.564304,-5.95561,0.532492,-0.564304,5.95561,0.366787,-0.652876,-5.95561,0.366787,-0.652876,5.95561,0.186986,-0.707418,-5.95561,0.186986,-0.707418,5.95561,-3.12306e-07,-0.725834,-5.95561,-3.12306e-07,-0.725834,5.95561,-0.186987,-0.707417,-5.95561,-0.186987,-0.707417,5.95561,-0.366788,-0.652875,-5.95561,-0.366788,-0.652875,5.95561,-0.532493,-0.564304,-5.95561,-0.532493,-0.564304,5.95561,-0.677735,-0.445107,-5.95561,-0.677735,-0.445107,5.95561,-0.796932,-0.299865,-5.95561,-0.796932,-0.299865,5.95561,-0.885503,-0.13416,-5.95561,-0.885503,-0.13416,5.95561,-0.940045,0.0456413,-5.95561,-0.940045,0.0456413,5.95561,-0.958461,0.232628,-5.95561,-0.958461,0.232628,5.95561,-0.940044,0.419614,-5.95561,-0.940044,0.419614,5.95561,-0.885502,0.599415,-5.95561,-0.885502,0.599415,5.95561,-0.796931,0.76512,-5.95561,-0.796931,0.76512,5.95561,-0.677733,0.910362,-5.95561,-0.677733,0.910362,5.95561,-0.532491,1.02956,-5.95561,-0.532491,1.02956,5.95561,-0.366786,1.11813,-5.95561,-0.366786,1.11813,5.95561,-0.186985,1.17267,-5.95561,-0.186985,1.17267,5.95561],
    "bones":[],
    "uvs":[],
    "skinIndices":[],
    "influencesPerVertex":2,
    "faces":[35,0,1,3,2,0,0,0,0,0,35,2,3,5,4,0,1,1,1,1,35,4,5,7,6,0,2,2,2,2,35,6,7,9,8,0,3,3,3,3,35,8,9,11,10,0,4,4,4,4,35,10,11,13,12,0,5,5,5,5,35,12,13,15,14,0,6,6,6,6,35,14,15,17,16,0,7,7,7,7,35,16,17,19,18,0,8,8,8,8,35,18,19,21,20,0,9,9,9,9,35,20,21,23,22,0,10,10,10,10,35,22,23,25,24,0,11,11,11,11,35,24,25,27,26,0,12,12,12,12,35,26,27,29,28,0,13,13,13,13,35,28,29,31,30,0,14,14,14,14,35,30,31,33,32,0,15,15,15,15,35,32,33,35,34,0,16,16,16,16,35,34,35,37,36,0,17,17,17,17,35,36,37,39,38,0,18,18,18,18,35,38,39,41,40,0,19,19,19,19,35,40,41,43,42,0,20,20,20,20,35,42,43,45,44,0,21,21,21,21,35,44,45,47,46,0,22,22,22,22,35,46,47,49,48,0,23,23,23,23,35,48,49,51,50,0,24,24,24,24,35,50,51,53,52,0,25,25,25,25,35,52,53,55,54,0,26,26,26,26,35,54,55,57,56,0,27,27,27,27,35,56,57,59,58,0,28,28,28,28,35,58,59,61,60,0,29,29,29,29,34,3,7,5,0,30,30,30,34,11,9,7,0,31,31,31,34,15,13,11,0,31,31,31,34,19,17,15,0,30,30,30,34,23,21,19,0,31,31,31,34,27,25,23,0,31,31,31,34,31,29,27,0,31,31,31,34,35,33,31,0,30,30,30,34,39,37,35,0,31,31,31,34,43,41,39,0,31,31,31,34,47,45,43,0,31,31,31,34,51,49,47,0,32,32,32,34,55,53,51,0,31,31,31,34,59,57,55,0,31,31,31,34,63,61,59,0,31,31,31,34,3,1,63,0,33,33,33,34,3,11,7,0,31,31,31,34,19,15,11,0,31,31,31,34,27,23,19,0,31,31,31,34,35,31,27,0,30,30,30,34,43,39,35,0,30,30,30,34,51,47,43,0,34,34,34,34,59,55,51,0,31,31,31,34,3,63,59,0,33,33,33,34,3,19,11,0,31,31,31,34,35,27,19,0,31,31,31,34,51,43,35,0,31,31,31,34,3,59,51,0,31,31,31,34,3,35,19,0,32,32,32,34,3,51,35,0,34,34,34,35,1,0,62,63,0,35,35,35,35,35,60,61,63,62,0,36,36,36,36,34,0,60,62,0,37,37,37,34,56,58,60,0,38,38,38,34,52,54,56,0,38,38,38,34,48,50,52,0,38,38,38,34,44,46,48,0,38,38,38,34,40,42,44,0,38,38,38,34,36,38,40,0,38,38,38,34,32,34,36,0,39,39,39,34,28,30,32,0,38,38,38,34,24,26,28,0,38,38,38,34,20,22,24,0,38,38,38,34,16,18,20,0,39,39,39,34,12,14,16,0,38,38,38,34,8,10,12,0,38,38,38,34,4,6,8,0,39,39,39,34,0,2,4,0,38,38,38,34,0,56,60,0,40,40,40,34,48,52,56,0,38,38,38,34,40,44,48,0,39,39,39,34,32,36,40,0,38,38,38,34,24,28,32,0,39,39,39,34,16,20,24,0,38,38,38,34,8,12,16,0,38,38,38,34,0,4,8,0,38,38,38,34,0,48,56,0,37,37,37,34,32,40,48,0,38,38,38,34,16,24,32,0,38,38,38,34,0,8,16,0,38,38,38,34,0,32,48,0,38,38,38,34,0,16,32,0,39,39,39]
}